,Name of File,Actual,Predicted,Correct?,Avg. Distance,3 Nearest Neighbors
0,S23_U02CH3RecordedFromReplay0,0,0,True,4.031995909547325,"ZoomLecture21144509202086, JOERA-22, ZoomLecture211445092020101, "
1,S23_U02CH3RecordedFromReplay1,0,1,False,4.141268781298678,"JOERA-84, JOERA-60, JOERA-61, "
2,S23_U02CH3RecordedFromReplay10,0,0,True,3.9415488189763415,"New9MinuteSession23105, friends16bit-176, New9MinuteSession2357, "
3,S23_U02CH3RecordedFromReplay100,0,0,True,4.0545800432713675,"ZoomLecture21144509202027, New9MinuteSession2322, friends16bit-57, "
4,S23_U02CH3RecordedFromReplay101,0,0,True,3.9848951988098023,"New9MinuteSession2360, New9MinuteSession2359, New9MinuteSession2311, "
5,S23_U02CH3RecordedFromReplay102,0,0,True,3.9666708191594195,"New9MinuteSession2360, ZoomLecture21144509202065, ZoomLecture21144509202038, "
6,S23_U02CH3RecordedFromReplay103,0,0,True,3.9646886001689494,"New9MinuteSession2361, friends16bit-97, New9MinuteSession2368, "
7,S23_U02CH3RecordedFromReplay104,0,0,True,3.96792620537096,"New9MinuteSession23105, New9MinuteSession2356, New9MinuteSession2349, "
8,S23_U02CH3RecordedFromReplay105,0,0,True,3.9137360284156117,"New9MinuteSession2360, New9MinuteSession2399, New9MinuteSession23100, "
9,S23_U02CH3RecordedFromReplay106,0,0,True,4.012347818398618,"New9MinuteSession2310, New9MinuteSession23102, New9MinuteSession2399, "
10,S23_U02CH3RecordedFromReplay107,0,0,True,3.859273007410557,"New9MinuteSession23101, New9MinuteSession2331, New9MinuteSession2335, "
11,S23_U02CH3RecordedFromReplay108,0,0,True,3.6108349606595236,"New9MinuteSession23101, New9MinuteSession2338, New9MinuteSession2350, "
12,S23_U02CH3RecordedFromReplay109,0,0,True,3.9498766959855245,"New9MinuteSession2322, New9MinuteSession2367, New9MinuteSession2320, "
13,S23_U02CH3RecordedFromReplay11,0,1,False,3.9412777875794607,"JOERA-24, ZoomLecture21144509202049, JOERA-107, "
14,S23_U02CH3RecordedFromReplay110,0,0,True,3.8709497085369744,"ZoomLecture21144509202082, ZoomLecture21144509202027, ZoomLecture21144509202055, "
15,S23_U02CH3RecordedFromReplay111,0,0,True,3.6693346393955015,"New9MinuteSession2369, New9MinuteSession2357, New9MinuteSession234, "
16,S23_U02CH3RecordedFromReplay112,0,0,True,4.040181367214383,"New9MinuteSession2370, New9MinuteSession2385, ZoomLecture2114450920206, "
17,S23_U02CH3RecordedFromReplay113,0,1,False,3.997881531744888,"friends16bit-57, friends16bit-59, ZoomLecture21144509202034, "
18,S23_U02CH3RecordedFromReplay114,0,0,True,4.001391337698255,"ZoomLecture21144509202025, ZoomLecture21144509202016, New9MinuteSession2327, "
19,S23_U02CH3RecordedFromReplay115,0,0,True,4.114247629942152,"New9MinuteSession23101, New9MinuteSession2338, friends16bit-97, "
20,S23_U02CH3RecordedFromReplay116,0,0,True,3.972233513769472,"New9MinuteSession2360, New9MinuteSession2380, ZoomLecture2114450920206, "
21,S23_U02CH3RecordedFromReplay117,0,0,True,4.006626607587867,"New9MinuteSession2375, New9MinuteSession2322, ZoomLecture2114450920206, "
22,S23_U02CH3RecordedFromReplay118,0,0,True,3.894766622024398,"ZoomLecture21144509202071, ZoomLecture2114450920206, New9MinuteSession2315, "
23,S23_U02CH3RecordedFromReplay119,0,0,True,3.9374543042297385,"New9MinuteSession2339, New9MinuteSession2329, New9MinuteSession2371, "
24,S23_U02CH3RecordedFromReplay12,0,1,False,3.8236120701081187,"friends16bit-70, friends16bit-59, BelowDeckMEDRecordedFromBroadcast103, "
25,S23_U02CH3RecordedFromReplay120,0,0,True,3.900793957114002,"ZoomLecture21144509202065, ZoomLecture211445092020101, ZoomLecture21144509202079, "
26,S23_U02CH3RecordedFromReplay121,0,0,True,3.7679794668927387,"New9MinuteSession2380, New9MinuteSession2385, New9MinuteSession2391, "
27,S23_U02CH3RecordedFromReplay122,0,0,True,3.766842816561707,"ZoomLecture21144509202079, ZoomLecture21144509202092, ZoomLecture21144509202049, "
28,S23_U02CH3RecordedFromReplay123,0,0,True,4.176470497780927,"ZoomLecture21144509202071, ZoomLecture2114450920206, New9MinuteSession2381, "
29,S23_U02CH3RecordedFromReplay124,0,0,True,3.665232331326021,"ZoomLecture21144509202022, ZoomLecture21144509202038, ZoomLecture211445092020113, "
30,S23_U02CH3RecordedFromReplay125,0,0,True,3.7895846378745874,"ZoomLecture21144509202034, ZoomLecture2114450920206, ZoomLecture21144509202035, "
31,S23_U02CH3RecordedFromReplay126,0,0,True,3.894139028052717,"New9MinuteSession23101, New9MinuteSession23100, New9MinuteSession2310, "
32,S23_U02CH3RecordedFromReplay127,0,1,False,3.9390739224310933,"friends16bit-97, ZoomLecture21144509202034, JOERA-5, "
33,S23_U02CH3RecordedFromReplay128,0,0,True,4.012094864140434,"ZoomLecture21144509202070, ZoomLecture21144509202099, ZoomLecture211445092020101, "
34,S23_U02CH3RecordedFromReplay129,0,0,True,3.729304226028065,"New9MinuteSession2315, New9MinuteSession23105, New9MinuteSession23101, "
35,S23_U02CH3RecordedFromReplay13,0,0,True,4.112807584933507,"New9MinuteSession2399, New9MinuteSession2360, ZoomLecture21144509202049, "
36,S23_U02CH3RecordedFromReplay130,0,0,True,4.0028521775368935,"New9MinuteSession2385, New9MinuteSession2356, New9MinuteSession2388, "
37,S23_U02CH3RecordedFromReplay131,0,1,False,4.21943535087377,"New9MinuteSession2389, JOERA-11, friends16bit-115, "
38,S23_U02CH3RecordedFromReplay132,0,1,False,3.936992366493269,"New9MinuteSession2360, friends16bit-108, friends16bit-97, "
39,S23_U02CH3RecordedFromReplay133,0,0,True,3.891798144195176,"New9MinuteSession23105, New9MinuteSession2315, New9MinuteSession23101, "
40,S23_U02CH3RecordedFromReplay134,0,0,True,3.671969735321768,"New9MinuteSession23100, New9MinuteSession2360, New9MinuteSession23102, "
41,S23_U02CH3RecordedFromReplay135,0,0,True,4.04261096870379,"New9MinuteSession2310, New9MinuteSession23102, JOERA-84, "
42,S23_U02CH3RecordedFromReplay136,0,1,False,3.9590973532758227,"New9MinuteSession2312, friends16bit-9, JOERA-117, "
43,S23_U02CH3RecordedFromReplay137,0,0,True,3.549546750046739,"New9MinuteSession23101, New9MinuteSession2310, New9MinuteSession23102, "
44,S23_U02CH3RecordedFromReplay138,0,0,True,4.324407440732483,"ZoomLecture21144509202049, New9MinuteSession2360, New9MinuteSession2399, "
45,S23_U02CH3RecordedFromReplay139,0,0,True,4.0822148922808985,"ZoomLecture21144509202024, ZoomLecture21144509202076, ZoomLecture211445092020113, "
46,S23_U02CH3RecordedFromReplay14,0,1,False,3.9305562788104784,"friends16bit-70, friends16bit-30, friends16bit-97, "
47,S23_U02CH3RecordedFromReplay140,0,0,True,3.769565851297139,"New9MinuteSession23105, New9MinuteSession2315, New9MinuteSession2348, "
48,S23_U02CH3RecordedFromReplay141,0,0,True,4.1363170594000955,"New9MinuteSession2310, New9MinuteSession23101, New9MinuteSession23100, "
49,S23_U02CH3RecordedFromReplay142,0,1,False,4.280970029086539,"JOERA-22, ZoomLecture21144509202071, JOERA-51, "
50,S23_U02CH3RecordedFromReplay143,0,0,True,4.056957751576075,"ZoomLecture211445092020111, New9MinuteSession23101, ZoomLecture21144509202013, "
51,S23_U02CH3RecordedFromReplay144,0,0,True,4.1159129500323965,"ZoomLecture21144509202022, friends16bit-108, ZoomLecture21144509202038, "
52,S23_U02CH3RecordedFromReplay145,0,0,True,3.819881388822884,"New9MinuteSession2380, New9MinuteSession23103, ZoomLecture2114450920206, "
53,S23_U02CH3RecordedFromReplay146,0,0,True,4.052499860487942,"New9MinuteSession2381, New9MinuteSession23100, New9MinuteSession2321, "
54,S23_U02CH3RecordedFromReplay147,0,0,True,3.893288183851572,"New9MinuteSession23105, New9MinuteSession23101, ZoomLecture21144509202082, "
55,S23_U02CH3RecordedFromReplay148,0,0,True,3.9746892721852007,"ZoomLecture21144509202068, New9MinuteSession23101, New9MinuteSession23102, "
56,S23_U02CH3RecordedFromReplay149,0,0,True,3.857310380366515,"ZoomLecture21144509202055, ZoomLecture2114450920206, ZoomLecture21144509202090, "
57,S23_U02CH3RecordedFromReplay15,0,0,True,4.073791465822691,"New9MinuteSession2388, New9MinuteSession2389, friends16bit-178, "
58,S23_U02CH3RecordedFromReplay150,0,0,True,3.830026424589605,"New9MinuteSession2327, New9MinuteSession23101, New9MinuteSession2338, "
59,S23_U02CH3RecordedFromReplay151,0,0,True,3.7543866457445776,"New9MinuteSession2369, New9MinuteSession234, New9MinuteSession2312, "
60,S23_U02CH3RecordedFromReplay152,0,0,True,3.8407796660896065,"New9MinuteSession2399, New9MinuteSession235, ZoomLecture21144509202065, "
61,S23_U02CH3RecordedFromReplay153,0,0,True,3.941486643354589,"New9MinuteSession2357, friends16bit-57, New9MinuteSession2325, "
62,S23_U02CH3RecordedFromReplay154,0,0,True,4.1262334006151224,"friends16bit-52, ZoomLecture21144509202024, ZoomLecture21144509202051, "
63,S23_U02CH3RecordedFromReplay155,0,0,True,4.190333159218319,"New9MinuteSession23101, ZoomLecture21144509202071, ZoomLecture21144509202039, "
64,S23_U02CH3RecordedFromReplay156,0,0,True,3.6743249437081706,"ZoomLecture21144509202038, ZoomLecture211445092020113, ZoomLecture21144509202071, "
65,S23_U02CH3RecordedFromReplay157,0,0,True,3.9806708861854685,"New9MinuteSession23101, New9MinuteSession2327, New9MinuteSession23105, "
66,S23_U02CH3RecordedFromReplay158,0,0,True,3.935017168792365,"ZoomLecture21144509202049, ZoomLecture21144509202079, ZoomLecture21144509202092, "
67,S23_U02CH3RecordedFromReplay159,0,0,True,3.871971324783983,"New9MinuteSession2315, New9MinuteSession2329, New9MinuteSession2310, "
68,S23_U02CH3RecordedFromReplay16,0,0,True,4.048998351682975,"New9MinuteSession2388, New9MinuteSession2357, ZoomLecture21144509202099, "
69,S23_U02CH3RecordedFromReplay160,0,0,True,3.7421710348894415,"New9MinuteSession2310, New9MinuteSession23102, ZoomLecture21144509202065, "
70,S23_U02CH3RecordedFromReplay161,0,0,True,4.030176484370781,"New9MinuteSession23105, New9MinuteSession2356, New9MinuteSession2310, "
71,S23_U02CH3RecordedFromReplay162,0,0,True,3.8958846316204485,"ZoomLecture21144509202048, ZoomLecture21144509202050, ZoomLecture21144509202070, "
72,S23_U02CH3RecordedFromReplay163,0,0,True,3.970700644994382,"New9MinuteSession2310, ZoomLecture21144509202038, New9MinuteSession2329, "
73,S23_U02CH3RecordedFromReplay164,0,0,True,4.2105958127718,"New9MinuteSession2360, ZoomLecture21144509202038, ZoomLecture21144509202095, "
74,S23_U02CH3RecordedFromReplay165,0,0,True,4.000474674401244,"New9MinuteSession2385, New9MinuteSession2391, New9MinuteSession2362, "
75,S23_U02CH3RecordedFromReplay166,0,0,True,3.927033743872053,"ZoomLecture21144509202095, ZoomLecture211445092020113, ZoomLecture21144509202065, "
76,S23_U02CH3RecordedFromReplay167,0,0,True,4.079230438569131,"New9MinuteSession23102, New9MinuteSession235, friends16bit-97, "
77,S23_U02CH3RecordedFromReplay168,0,0,True,4.00720967301108,"New9MinuteSession23105, New9MinuteSession2385, New9MinuteSession2357, "
78,S23_U02CH3RecordedFromReplay169,0,0,True,3.889240746725739,"New9MinuteSession23100, ZoomLecture21144509202011, ZoomLecture21144509202054, "
79,S23_U02CH3RecordedFromReplay17,0,0,True,3.8629070005278363,"New9MinuteSession2367, New9MinuteSession2380, New9MinuteSession2356, "
80,S23_U02CH3RecordedFromReplay170,0,0,True,3.8199472661661957,"ZoomLecture21144509202070, New9MinuteSession2391, New9MinuteSession2385, "
81,S23_U02CH3RecordedFromReplay171,0,0,True,3.8155437816823334,"ZoomLecture21144509202032, ZoomLecture2114450920206, ZoomLecture21144509202041, "
82,S23_U02CH3RecordedFromReplay172,0,0,True,3.8400363539625966,"New9MinuteSession2369, New9MinuteSession2357, New9MinuteSession234, "
83,S23_U02CH3RecordedFromReplay173,0,0,True,4.275069703162831,"New9MinuteSession23101, ZoomLecture21144509202071, New9MinuteSession2327, "
84,S23_U02CH3RecordedFromReplay174,0,0,True,4.0997570984662906,"New9MinuteSession2398, New9MinuteSession2329, ZoomLecture2114450920206, "
85,S23_U02CH3RecordedFromReplay175,0,0,True,3.9631880301087694,"New9MinuteSession23105, New9MinuteSession2329, New9MinuteSession2310, "
86,S23_U02CH3RecordedFromReplay176,0,1,False,4.548614239316319,"friends16bit-60, friends16bit-53, friends16bit-52, "
87,S23_U02CH3RecordedFromReplay177,0,1,False,4.956059261453509,"friends16bit-52, friends16bit-10, ChicagoMedDramaRecordedFromBroadcast95, "
88,S23_U02CH3RecordedFromReplay178,0,1,False,4.389961122031858,"friends16bit-10, friends16bit-103, JOERA-102, "
89,S23_U02CH3RecordedFromReplay179,0,0,True,4.437435682169763,"ZoomLecture21144509202011, ZoomLecture21144509202013, friends16bit-70, "
90,S23_U02CH3RecordedFromReplay18,0,0,True,3.7286857243846527,"New9MinuteSession2322, New9MinuteSession2369, New9MinuteSession2328, "
91,S23_U02CH3RecordedFromReplay180,0,0,True,4.1310626622529,"ZoomLecture21144509202071, New9MinuteSession23101, New9MinuteSession2315, "
92,S23_U02CH3RecordedFromReplay181,0,0,True,4.061101372730563,"New9MinuteSession23101, New9MinuteSession23102, New9MinuteSession2339, "
93,S23_U02CH3RecordedFromReplay182,0,0,True,3.9200739344575006,"ZoomLecture2114450920206, ZoomLecture21144509202034, ZoomLecture21144509202079, "
94,S23_U02CH3RecordedFromReplay183,0,0,True,3.9084225633658285,"ZoomLecture21144509202038, ZoomLecture211445092020113, New9MinuteSession2310, "
95,S23_U02CH3RecordedFromReplay184,0,0,True,3.693726586187253,"New9MinuteSession23101, New9MinuteSession2348, New9MinuteSession2329, "
96,S23_U02CH3RecordedFromReplay185,0,0,True,4.394948588747064,"ZoomLecture21144509202076, JOERA-21, ZoomLecture21144509202013, "
97,S23_U02CH3RecordedFromReplay186,0,0,True,4.094197655002565,"New9MinuteSession23105, ZoomLecture2114450920206, ZoomLecture21144509202070, "
98,S23_U02CH3RecordedFromReplay187,0,1,False,4.096030527651544,"New9MinuteSession23101, JOERA-96, friends16bit-97, "
99,S23_U02CH3RecordedFromReplay188,0,0,True,3.9355670765556883,"New9MinuteSession2385, ZoomLecture21144509202082, friends16bit-97, "
100,S23_U02CH3RecordedFromReplay189,0,1,False,3.885704697194633,"friends16bit-57, JOERA-27, friends16bit-178, "
101,S23_U02CH3RecordedFromReplay19,0,0,True,3.593751370422917,"New9MinuteSession2322, New9MinuteSession2369, New9MinuteSession2355, "
102,S23_U02CH3RecordedFromReplay190,0,0,True,4.610744707163641,"friends16bit-108, ZoomLecture21144509202050, New9MinuteSession2331, "
103,S23_U02CH3RecordedFromReplay191,0,1,False,4.30866584543903,"friends16bit-108, friends16bit-106, friends16bit-9, "
104,S23_U02CH3RecordedFromReplay192,0,0,True,4.13915040195331,"friends16bit-108, New9MinuteSession23101, New9MinuteSession2345, "
105,S23_U02CH3RecordedFromReplay193,0,1,False,4.352002080745251,"JOERA-84, friends16bit-159, New9MinuteSession2331, "
106,S23_U02CH3RecordedFromReplay2,0,1,False,4.2378755665146555,"ChicagoMedDramaRecordedFromBroadcast95, ChicagoMedDramaRecordedFromBroadcast28, ChicagoMedDramaRecordedFromBroadcast24, "
107,S23_U02CH3RecordedFromReplay20,0,0,True,4.147981215328459,"New9MinuteSession2338, New9MinuteSession2321, ZoomLecture21144509202016, "
108,S23_U02CH3RecordedFromReplay21,0,1,False,4.259374782269259,"friends16bit-5, friends16bit-177, friends16bit-70, "
109,S23_U02CH3RecordedFromReplay22,0,1,False,4.731164291557627,"friends16bit-159, friends16bit-119, BelowDeckMEDRecordedFromBroadcast47, "
110,S23_U02CH3RecordedFromReplay23,0,1,False,4.269169868661009,"BelowDeckMEDRecordedFromBroadcast94, friends16bit-174, BelowDeckMEDRecordedFromBroadcast49, "
111,S23_U02CH3RecordedFromReplay24,0,0,True,4.193249204293545,"New9MinuteSession2321, New9MinuteSession2327, New9MinuteSession2338, "
112,S23_U02CH3RecordedFromReplay25,0,1,False,4.037091631467919,"friends16bit-27, friends16bit-70, friends16bit-97, "
113,S23_U02CH3RecordedFromReplay26,0,0,True,3.9310612342049778,"ZoomLecture21144509202065, New9MinuteSession235, New9MinuteSession23105, "
114,S23_U02CH3RecordedFromReplay27,0,0,True,4.095767051968805,"New9MinuteSession2331, New9MinuteSession23101, New9MinuteSession2335, "
115,S23_U02CH3RecordedFromReplay28,0,0,True,3.8557703432136354,"New9MinuteSession23105, New9MinuteSession2362, New9MinuteSession2377, "
116,S23_U02CH3RecordedFromReplay29,0,0,True,3.903687353257556,"New9MinuteSession235, New9MinuteSession2312, New9MinuteSession23102, "
117,S23_U02CH3RecordedFromReplay3,0,0,True,4.194413415425706,"ZoomLecture2114450920206, ZoomLecture21144509202092, ZoomLecture21144509202065, "
118,S23_U02CH3RecordedFromReplay30,0,0,True,3.9924366294899025,"New9MinuteSession23101, New9MinuteSession23105, New9MinuteSession2310, "
119,S23_U02CH3RecordedFromReplay31,0,0,True,3.8518244191555264,"New9MinuteSession2315, New9MinuteSession23102, New9MinuteSession2348, "
120,S23_U02CH3RecordedFromReplay32,0,0,True,4.164507483466863,"New9MinuteSession2312, New9MinuteSession2311, New9MinuteSession2388, "
121,S23_U02CH3RecordedFromReplay33,0,0,True,3.998898896745585,"New9MinuteSession2360, New9MinuteSession2312, New9MinuteSession2311, "
122,S23_U02CH3RecordedFromReplay34,0,0,True,3.856298597708108,"New9MinuteSession2385, New9MinuteSession2380, New9MinuteSession2356, "
123,S23_U02CH3RecordedFromReplay35,0,0,True,3.7704839479232604,"ZoomLecture21144509202099, ZoomLecture21144509202070, New9MinuteSession2385, "
124,S23_U02CH3RecordedFromReplay36,0,0,True,4.007855072035469,"New9MinuteSession2388, New9MinuteSession2380, friends16bit-89, "
125,S23_U02CH3RecordedFromReplay37,0,0,True,4.047755092786595,"ZoomLecture21144509202011, friends16bit-10, New9MinuteSession2327, "
126,S23_U02CH3RecordedFromReplay38,0,0,True,3.897312169936917,"New9MinuteSession2385, New9MinuteSession2380, New9MinuteSession2360, "
127,S23_U02CH3RecordedFromReplay39,0,0,True,4.090031701787619,"New9MinuteSession2326, New9MinuteSession2329, New9MinuteSession2371, "
128,S23_U02CH3RecordedFromReplay4,0,1,False,3.880125350114178,"friends16bit-97, ZoomLecture21144509202026, JOERA-5, "
129,S23_U02CH3RecordedFromReplay40,0,0,True,4.702225951542719,"New9MinuteSession2331, New9MinuteSession239, New9MinuteSession2351, "
130,S23_U02CH3RecordedFromReplay41,0,0,True,3.7145150619797747,"ZoomLecture2114450920206, New9MinuteSession2380, New9MinuteSession2368, "
131,S23_U02CH3RecordedFromReplay42,0,0,True,4.194047139563752,"New9MinuteSession23105, New9MinuteSession23101, New9MinuteSession2315, "
132,S23_U02CH3RecordedFromReplay43,0,0,True,3.856107703133638,"New9MinuteSession2379, New9MinuteSession2377, New9MinuteSession2388, "
133,S23_U02CH3RecordedFromReplay44,0,0,True,4.1215789994616365,"friends16bit-108, New9MinuteSession2360, New9MinuteSession23102, "
134,S23_U02CH3RecordedFromReplay45,0,0,True,4.069079878022009,"New9MinuteSession23100, New9MinuteSession2360, ZoomLecture21144509202038, "
135,S23_U02CH3RecordedFromReplay46,0,0,True,3.6526324130968453,"New9MinuteSession23100, New9MinuteSession234, New9MinuteSession2316, "
136,S23_U02CH3RecordedFromReplay47,0,0,True,3.9193725845027227,"ZoomLecture21144509202092, ZoomLecture21144509202079, ZoomLecture211445092020108, "
137,S23_U02CH3RecordedFromReplay48,0,0,True,4.169706094593269,"New9MinuteSession2365, New9MinuteSession2346, New9MinuteSession23101, "
138,S23_U02CH3RecordedFromReplay49,0,0,True,3.951515614985354,"New9MinuteSession23105, New9MinuteSession235, New9MinuteSession2394, "
139,S23_U02CH3RecordedFromReplay5,0,0,True,3.585715020898842,"New9MinuteSession2322, ZoomLecture2114450920206, ZoomLecture21144509202055, "
140,S23_U02CH3RecordedFromReplay50,0,0,True,4.08845847421873,"New9MinuteSession2331, New9MinuteSession238, New9MinuteSession23101, "
141,S23_U02CH3RecordedFromReplay51,0,0,True,4.5309754826386035,"ZoomLecture21144509202017, New9MinuteSession2331, New9MinuteSession2338, "
142,S23_U02CH3RecordedFromReplay52,0,0,True,4.225594104725561,"ZoomLecture21144509202022, New9MinuteSession23101, New9MinuteSession2310, "
143,S23_U02CH3RecordedFromReplay53,0,1,False,4.27554719618281,"JOERA-117, New9MinuteSession2399, friends16bit-108, "
144,S23_U02CH3RecordedFromReplay54,0,1,False,3.9088876839640148,"friends16bit-97, friends16bit-176, New9MinuteSession2312, "
145,S23_U02CH3RecordedFromReplay55,0,0,True,4.190015059836343,"New9MinuteSession2349, New9MinuteSession2399, New9MinuteSession235, "
146,S23_U02CH3RecordedFromReplay56,0,0,True,3.9247006877697017,"New9MinuteSession2379, New9MinuteSession2380, New9MinuteSession2368, "
147,S23_U02CH3RecordedFromReplay57,0,0,True,4.232116717854327,"New9MinuteSession2327, ZoomLecture21144509202025, New9MinuteSession2331, "
148,S23_U02CH3RecordedFromReplay58,0,0,True,3.7489253619332548,"New9MinuteSession2371, New9MinuteSession2329, New9MinuteSession2315, "
149,S23_U02CH3RecordedFromReplay59,0,0,True,3.8393080661315455,"New9MinuteSession2317, New9MinuteSession2380, New9MinuteSession2368, "
150,S23_U02CH3RecordedFromReplay6,0,1,False,4.245390787112019,"friends16bit-10, friends16bit-159, ZoomLecture21144509202017, "
151,S23_U02CH3RecordedFromReplay60,0,0,True,3.9590563022340133,"New9MinuteSession2380, New9MinuteSession2385, New9MinuteSession2379, "
152,S23_U02CH3RecordedFromReplay61,0,0,True,4.414339503939978,"New9MinuteSession2388, New9MinuteSession2380, New9MinuteSession2379, "
153,S23_U02CH3RecordedFromReplay62,0,0,True,4.065625041436217,"New9MinuteSession2322, New9MinuteSession2339, ZoomLecture21144509202012, "
154,S23_U02CH3RecordedFromReplay63,0,0,True,3.971898427845492,"New9MinuteSession23105, New9MinuteSession2315, New9MinuteSession2310, "
155,S23_U02CH3RecordedFromReplay64,0,0,True,3.8980918967166915,"New9MinuteSession2322, friends16bit-97, New9MinuteSession2339, "
156,S23_U02CH3RecordedFromReplay65,0,0,True,4.136252635685149,"New9MinuteSession2327, New9MinuteSession23101, ZoomLecture21144509202011, "
157,S23_U02CH3RecordedFromReplay66,0,0,True,4.293684589165213,"New9MinuteSession2327, ZoomLecture21144509202011, friends16bit-70, "
158,S23_U02CH3RecordedFromReplay67,0,0,True,3.7615763606696015,"New9MinuteSession2325, New9MinuteSession2388, New9MinuteSession2357, "
159,S23_U02CH3RecordedFromReplay68,0,0,True,4.093458137609447,"ZoomLecture21144509202027, friends16bit-176, New9MinuteSession2389, "
160,S23_U02CH3RecordedFromReplay69,0,1,False,4.357573610420753,"friends16bit-10, friends16bit-60, friends16bit-70, "
161,S23_U02CH3RecordedFromReplay7,0,0,True,3.9303016506534267,"friends16bit-97, ZoomLecture21144509202027, ZoomLecture21144509202011, "
162,S23_U02CH3RecordedFromReplay70,0,0,True,3.87000437371943,"New9MinuteSession2354, New9MinuteSession2396, New9MinuteSession2319, "
163,S23_U02CH3RecordedFromReplay71,0,0,True,3.7282991105996945,"New9MinuteSession2329, New9MinuteSession23105, New9MinuteSession2348, "
164,S23_U02CH3RecordedFromReplay72,0,0,True,4.077693860493931,"New9MinuteSession23101, New9MinuteSession2338, New9MinuteSession2333, "
165,S23_U02CH3RecordedFromReplay73,0,0,True,4.185886706105047,"ZoomLecture21144509202024, New9MinuteSession239, New9MinuteSession2331, "
166,S23_U02CH3RecordedFromReplay74,0,0,True,4.022846494177772,"ZoomLecture21144509202025, ZoomLecture21144509202011, New9MinuteSession2327, "
167,S23_U02CH3RecordedFromReplay75,0,0,True,4.600174083919034,"friends16bit-60, New9MinuteSession2331, New9MinuteSession2334, "
168,S23_U02CH3RecordedFromReplay76,0,0,True,3.95860324638153,"New9MinuteSession2327, ZoomLecture21144509202038, New9MinuteSession2333, "
169,S23_U02CH3RecordedFromReplay77,0,0,True,4.024326729117009,"New9MinuteSession2335, New9MinuteSession2338, New9MinuteSession2332, "
170,S23_U02CH3RecordedFromReplay78,0,0,True,4.256572787442167,"New9MinuteSession2327, New9MinuteSession2331, New9MinuteSession2332, "
171,S23_U02CH3RecordedFromReplay79,0,0,True,3.689463364958743,"New9MinuteSession2368, New9MinuteSession2361, New9MinuteSession2357, "
172,S23_U02CH3RecordedFromReplay8,0,0,True,4.1028185259565015,"friends16bit-57, New9MinuteSession2325, New9MinuteSession2328, "
173,S23_U02CH3RecordedFromReplay80,0,0,True,4.014192299466642,"New9MinuteSession2357, friends16bit-178, New9MinuteSession2334, "
174,S23_U02CH3RecordedFromReplay81,0,0,True,4.321492422239436,"ZoomLecture21144509202025, ZoomLecture211445092020102, friends16bit-159, "
175,S23_U02CH3RecordedFromReplay82,0,0,True,3.758019781778009,"New9MinuteSession2312, New9MinuteSession2311, New9MinuteSession2396, "
176,S23_U02CH3RecordedFromReplay83,0,1,False,4.16556240932838,"friends16bit-5, friends16bit-146, friends16bit-133, "
177,S23_U02CH3RecordedFromReplay84,0,0,True,3.772528239180389,"New9MinuteSession2368, New9MinuteSession2322, New9MinuteSession2358, "
178,S23_U02CH3RecordedFromReplay85,0,1,False,4.35136267640244,"New9MinuteSession2343, friends16bit-10, friends16bit-60, "
179,S23_U02CH3RecordedFromReplay86,0,0,True,4.218358247229994,"New9MinuteSession2338, New9MinuteSession2369, New9MinuteSession2333, "
180,S23_U02CH3RecordedFromReplay87,0,1,False,4.222750539788364,"New9MinuteSession2345, friends16bit-108, friends16bit-27, "
181,S23_U02CH3RecordedFromReplay88,0,0,True,4.789930464506625,"ZoomLecture21144509202094, ZoomLecture21144509202025, bookReading7mins46, "
182,S23_U02CH3RecordedFromReplay89,0,0,True,3.91384514208652,"New9MinuteSession23100, New9MinuteSession2360, New9MinuteSession23102, "
183,S23_U02CH3RecordedFromReplay9,0,0,True,4.242956887072968,"ZoomLecture21144509202060, New9MinuteSession2345, ZoomLecture21144509202094, "
184,S23_U02CH3RecordedFromReplay90,0,0,True,3.7776324565606014,"ZoomLecture21144509202071, ZoomLecture21144509202070, New9MinuteSession2348, "
185,S23_U02CH3RecordedFromReplay91,0,0,True,4.079267344603943,"ZoomLecture211445092020113, JOERA-21, New9MinuteSession2310, "
186,S23_U02CH3RecordedFromReplay92,0,1,False,4.211119640466356,"friends16bit-15, friends16bit-33, friends16bit-48, "
187,S23_U02CH3RecordedFromReplay93,0,0,True,4.0826436840821865,"New9MinuteSession23101, ZoomLecture21144509202060, ZoomLecture211445092020102, "
188,S23_U02CH3RecordedFromReplay94,0,0,True,4.102015398852781,"New9MinuteSession2331, New9MinuteSession23101, New9MinuteSession2335, "
189,S23_U02CH3RecordedFromReplay95,0,1,False,4.444396634767803,"friends16bit-78, New9MinuteSession2343, JOERA-95, "
190,S23_U02CH3RecordedFromReplay96,0,0,True,3.7668106281328857,"New9MinuteSession2310, New9MinuteSession23102, New9MinuteSession237, "
191,S23_U02CH3RecordedFromReplay97,0,0,True,3.826822375254338,"New9MinuteSession2385, New9MinuteSession2380, ZoomLecture2114450920206, "
192,S23_U02CH3RecordedFromReplay98,0,0,True,3.782976134568625,"New9MinuteSession2315, New9MinuteSession23102, New9MinuteSession23105, "
193,S23_U02CH3RecordedFromReplay99,0,0,True,3.8395900262131857,"friends16bit-59, ZoomLecture2114450920206, ZoomLecture21144509202011, "
194,s3u1RECORDED_0,0,1,False,4.100343548565563,"friends16bit-48, friends16bit-78, BelowDeckMEDRecordedFromBroadcast103, "
195,s3u1RECORDED_1,0,1,False,4.215462320302576,"BelowDeckMEDRecordedFromBroadcast36, BelowDeckMEDRecordedFromBroadcast96, friends16bit-78, "
196,s3u1RECORDED_11,0,1,False,4.30981897902417,"friends16bit-150, friends16bit-10, friends16bit-60, "
197,s3u1RECORDED_12,0,1,False,4.228923110041027,"BelowDeckMEDRecordedFromBroadcast51, BelowDeckMEDRecordedFromBroadcast50, BelowDeckMEDRecordedFromBroadcast40, "
198,s3u1RECORDED_13,0,0,True,4.003406678127279,"friends16bit-10, New9MinuteSession2343, New9MinuteSession2352, "
199,s3u1RECORDED_14,0,1,False,4.29084222650805,"New9MinuteSession2335, friends16bit-10, friends16bit-47, "
200,s3u1RECORDED_15,0,1,False,4.179896713383539,"friends16bit-6, friends16bit-133, New9MinuteSession2343, "
201,s3u1RECORDED_16,0,1,False,3.4890959550288287,"friends16bit-133, friends16bit-70, friends16bit-171, "
202,s3u1RECORDED_17,0,1,False,3.5534345048854363,"friends16bit-43, friends16bit-152, AVvCHE_RECORDED_55, "
203,s3u1RECORDED_18,0,1,False,4.410602837874091,"BelowDeckMEDRecordedFromBroadcast108, friends16bit-10, friends16bit-46, "
204,s3u1RECORDED_19,0,1,False,3.957367576867241,"BelowDeckMEDRecordedFromBroadcast54, BelowDeckMEDRecordedFromBroadcast45, BelowDeckMEDRecordedFromBroadcast39, "
205,s3u1RECORDED_2,0,1,False,3.744856108525807,"friends16bit-150, friends16bit-152, friends16bit-153, "
206,s3u1RECORDED_20,0,1,False,4.286722720958117,"friends16bit-150, ChicagoMedDramaRecordedFromBroadcast34, friends16bit-48, "
207,s3u1RECORDED_21,0,1,False,4.549358251112967,"friends16bit-46, BelowDeckMEDRecordedFromBroadcast97, BelowDeckMEDRecordedFromBroadcast108, "
208,s3u1RECORDED_22,0,1,False,3.8902407467106763,"friends16bit-46, friends16bit-5, friends16bit-151, "
209,s3u1RECORDED_23,0,1,False,4.070943214190885,"JRE1383Podcast0, friends16bit-49, friends16bit-121, "
210,s3u1RECORDED_24,0,1,False,3.97934354171916,"friends16bit-10, friends16bit-92, ZoomLecture21144509202019, "
211,s3u1RECORDED_25,0,1,False,3.8830238341854706,"friends16bit-59, friends16bit-10, JOERA-34, "
212,s3u1RECORDED_26,0,1,False,3.650334131418099,"JOERA-25, JOERA-21, New9MinuteSession2330, "
213,s3u1RECORDED_27,0,1,False,4.032352169819879,"BelowDeckMEDRecordedFromBroadcast31, friends16bit-149, BelowDeckMEDRecordedFromBroadcast75, "
214,s3u1RECORDED_28,0,0,True,4.082920684382518,"New9MinuteSession2335, New9MinuteSession2338, friends16bit-159, "
215,s3u1RECORDED_29,0,0,True,3.8360599889380707,"New9MinuteSession2338, New9MinuteSession2321, New9MinuteSession2336, "
216,s3u1RECORDED_3,0,1,False,3.8508461257438964,"friends16bit-154, friends16bit-157, AVvCHE_RECORDED_2, "
217,s3u1RECORDED_30,0,1,False,4.1090239529384744,"friends16bit-60, friends16bit-10, friends16bit-62, "
218,s3u1RECORDED_31,0,1,False,4.03530506567227,"friends16bit-10, friends16bit-60, JOERA-72, "
219,s3u1RECORDED_33,0,1,False,3.4871000161805297,"BelowDeckMEDRecordedFromBroadcast54, BelowDeckMEDRecordedFromBroadcast74, BelowDeckMEDRecordedFromBroadcast51, "
220,s3u1RECORDED_34,0,1,False,4.052246351111471,"friends16bit-30, friends16bit-10, friends16bit-174, "
221,s3u1RECORDED_35,0,1,False,4.039034363187262,"Baseball72, BelowDeckMEDRecordedFromBroadcast51, BelowDeckMEDRecordedFromBroadcast54, "
222,s3u1RECORDED_36,0,1,False,3.9393889706324794,"ChicagoMedDramaRecordedFromBroadcast51, ChicagoMedDramaRecordedFromBroadcast84, Baseball1, "
223,s3u1RECORDED_37,0,1,False,4.097544030630039,"AVvCHE_RECORDED_26, friends16bit-63, friends16bit-155, "
224,s3u1RECORDED_38,0,1,False,4.103709340853493,"BelowDeckMEDRecordedFromBroadcast60, friends16bit-69, BelowDeckMEDRecordedFromBroadcast12, "
225,s3u1RECORDED_39,0,1,False,4.136813406198998,"BelowDeckMEDRecordedFromBroadcast74, BelowDeckMEDRecordedFromBroadcast61, ChicagoMedDramaRecordedFromBroadcast37, "
226,s3u1RECORDED_4,0,0,True,4.075153728766617,"New9MinuteSession2343, New9MinuteSession2360, New9MinuteSession2357, "
227,s3u1RECORDED_40,0,1,False,4.483350301911271,"BelowDeckMEDRecordedFromBroadcast57, BelowDeckMEDRecordedFromBroadcast45, friends16bit-111, "
228,s3u1RECORDED_41,0,1,False,4.685464823208019,"friends16bit-120, friends16bit-102, BelowDeckMEDRecordedFromBroadcast39, "
229,s3u1RECORDED_42,0,1,False,4.028982183175341,"BelowDeckMEDRecordedFromBroadcast74, BelowDeckMEDRecordedFromBroadcast61, BelowDeckMEDRecordedFromBroadcast51, "
230,s3u1RECORDED_43,0,1,False,4.1541725585315525,"friends16bit-15, friends16bit-153, friends16bit-133, "
231,s3u1RECORDED_44,0,1,False,4.058944464940485,"friends16bit-76, friends16bit-6, friends16bit-58, "
232,s3u1RECORDED_45,0,1,False,3.8004015568702547,"friends16bit-76, friends16bit-139, friends16bit-102, "
233,s3u1RECORDED_46,0,1,False,4.038423428849644,"friends16bit-153, friends16bit-46, friends16bit-150, "
234,s3u1RECORDED_5,0,0,True,4.084345337578989,"New9MinuteSession2332, friends16bit-2, New9MinuteSession2338, "
235,s3u1RECORDED_6,0,1,False,4.245409516208663,"friends16bit-10, friends16bit-150, JOERA-102, "
236,s3u1RECORDED_7,0,1,False,4.488542070817346,"friends16bit-6, friends16bit-10, friends16bit-1, "
237,s3u1RECORDED_8,0,1,False,3.7232021851411132,"ChicagoMedDramaRecordedFromBroadcast35, BelowDeckMEDRecordedFromBroadcast74, BelowDeckMEDRecordedFromBroadcast51, "
238,s3u2RECORDED_0,0,1,False,3.3697155737485094,"friends16bit-170, friends16bit-10, friends16bit-92, "
239,s3u2RECORDED_1,0,1,False,3.7222067002837043,"JOERA-12, JOERA-34, JOERA-72, "
240,s3u2RECORDED_10,0,0,True,4.0384845360016195,"New9MinuteSession2321, New9MinuteSession2338, New9MinuteSession2381, "
241,s3u2RECORDED_11,0,1,False,4.113848988948125,"JOERA-11, New9MinuteSession2373, JOERA-19, "
242,s3u2RECORDED_12,0,1,False,4.1302561279693375,"JOERA-12, JOERA-34, JOERA-72, "
243,s3u2RECORDED_13,0,0,True,3.733244848621406,"New9MinuteSession2322, New9MinuteSession2334, New9MinuteSession2369, "
244,s3u2RECORDED_14,0,1,False,3.970801643705909,"JOERA-72, JOERA-84, JOERA-50, "
245,s3u2RECORDED_15,0,1,False,4.166741181598501,"friends16bit-170, JOERA-99, JOERA-72, "
246,s3u2RECORDED_16,0,1,False,4.164325448100725,"friends16bit-68, friends16bit-10, friends16bit-59, "
247,s3u2RECORDED_17,0,1,False,4.180416801298946,"JOERA-8, New9MinuteSession2360, JOERA-107, "
248,s3u2RECORDED_18,0,0,True,3.7773379896510964,"New9MinuteSession2389, AVvCHE_RECORDED_4, New9MinuteSession2322, "
249,s3u2RECORDED_19,0,1,False,4.078279841178055,"friends16bit-162, JOERA-72, friends16bit-41, "
250,s3u2RECORDED_2,0,1,False,4.140090353280136,"friends16bit-1, New9MinuteSession2323, BelowDeckMEDRecordedFromBroadcast37, "
251,s3u2RECORDED_20,0,0,True,3.5389435431711678,"New9MinuteSession2355, New9MinuteSession2324, New9MinuteSession2369, "
252,s3u2RECORDED_21,0,0,True,3.9607946144354647,"New9MinuteSession23102, New9MinuteSession2354, New9MinuteSession2313, "
253,s3u2RECORDED_22,0,0,True,3.970711572598654,"New9MinuteSession2359, New9MinuteSession2360, New9MinuteSession2354, "
254,s3u2RECORDED_23,0,0,True,3.8388149926810824,"New9MinuteSession2327, New9MinuteSession2332, New9MinuteSession2369, "
255,s3u2RECORDED_24,0,1,False,4.053927563568463,"New9MinuteSession2360, JOERA-72, JOERA-34, "
256,s3u2RECORDED_25,0,1,False,3.8616480915297324,"JOERA-21, JOERA-25, New9MinuteSession2360, "
257,s3u2RECORDED_26,0,0,True,3.6960181073308154,"New9MinuteSession2343, New9MinuteSession2373, New9MinuteSession2354, "
258,s3u2RECORDED_27,0,0,True,4.300890994192347,"JOERA-25, New9MinuteSession2373, New9MinuteSession2387, "
259,s3u2RECORDED_28,0,0,True,3.9590676048746687,"New9MinuteSession2312, New9MinuteSession2396, New9MinuteSession2314, "
260,s3u2RECORDED_29,0,1,False,4.319217319573346,"New9MinuteSession2352, JOERA-25, JOERA-12, "
261,s3u2RECORDED_3,0,0,True,4.146019664411483,"New9MinuteSession2327, New9MinuteSession2335, New9MinuteSession2332, "
262,s3u2RECORDED_30,0,1,False,4.05130323410975,"JOERA-26, JOERA-47, JOERA-27, "
263,s3u2RECORDED_31,0,1,False,4.1023476226298765,"friends16bit-10, JOERA-34, JOERA-12, "
264,s3u2RECORDED_32,0,1,False,3.8911734260428212,"JOERA-107, New9MinuteSession2373, JOERA-117, "
265,s3u2RECORDED_33,0,1,False,3.712373614534187,"JOERA-117, JOERA-35, JOERA-37, "
266,s3u2RECORDED_34,0,0,True,4.105911962585351,"JOERA-15, New9MinuteSession2330, New9MinuteSession2391, "
267,s3u2RECORDED_35,0,0,True,3.8833176042990227,"New9MinuteSession2387, New9MinuteSession2310, New9MinuteSession2381, "
268,s3u2RECORDED_36,0,0,True,3.983226784313766,"New9MinuteSession2327, New9MinuteSession23101, New9MinuteSession2335, "
269,s3u2RECORDED_37,0,1,False,4.123030717593652,"friends16bit-172, friends16bit-65, BelowDeckMEDRecordedFromBroadcast12, "
270,s3u2RECORDED_38,0,1,False,4.309249433420536,"friends16bit-1, friends16bit-118, New9MinuteSession2332, "
271,s3u2RECORDED_39,0,1,False,4.351628696719138,"friends16bit-159, friends16bit-119, friends16bit-47, "
272,s3u2RECORDED_4,0,0,True,4.411841409144426,"JOERA-84, New9MinuteSession2350, New9MinuteSession23101, "
273,s3u2RECORDED_40,0,1,False,3.7396491465117774,"JOERA-107, JOERA-8, JOERA-78, "
274,s3u2RECORDED_41,0,1,False,4.06851946005132,"JOERA-84, JOERA-72, JOERA-25, "
275,s3u2RECORDED_42,0,0,True,4.109953488230761,"New9MinuteSession2357, New9MinuteSession2395, New9MinuteSession2369, "
276,s3u2RECORDED_43,0,1,False,3.8883657841298804,"JOERA-2, JOERA-8, friends16bit-171, "
277,s3u2RECORDED_44,0,1,False,3.991769579666876,"JOERA-26, New9MinuteSession2360, JOERA-107, "
278,s3u2RECORDED_45,0,1,False,3.8848167351377105,"friends16bit-76, friends16bit-102, friends16bit-172, "
279,s3u2RECORDED_46,0,1,False,3.8720379542352323,"JOERA-4, JOERA-85, JOERA-84, "
280,s3u2RECORDED_47,0,1,False,3.8322238367895904,"AVvCHE_RECORDED_4, friends16bit-162, friends16bit-57, "
281,s3u2RECORDED_5,0,1,False,4.577971869731984,"JOERA-12, JOERA-34, JOERA-102, "
282,s3u2RECORDED_6,0,0,True,4.184125456366809,"New9MinuteSession2332, New9MinuteSession2327, friends16bit-1, "
283,s3u2RECORDED_7,0,0,True,3.8095222457200513,"New9MinuteSession2395, New9MinuteSession2382, New9MinuteSession2369, "
284,s3u2RECORDED_8,0,1,False,3.893342717988672,"AVvCHE_RECORDED_4, JOERA-61, JOERA-16, "
285,s3u2RECORDED_9,0,0,True,4.3845141172847795,"New9MinuteSession2332, BelowDeckMEDRecordedFromBroadcast108, New9MinuteSession2327, "
286,s3u3RECORDED_0,0,1,False,4.132085737786049,"friends16bit-64, AriMelberNewsRecordedFromBroadcast62, friends16bit-136, "
287,s3u3RECORDED_1,0,1,False,3.84222395133777,"friends16bit-78, BelowDeckMEDRecordedFromBroadcast36, BelowDeckMEDRecordedFromBroadcast38, "
288,s3u3RECORDED_10,0,0,True,3.9794340643985167,"New9MinuteSession2352, New9MinuteSession239, New9MinuteSession2343, "
289,s3u3RECORDED_11,0,1,False,3.9324443530172903,"friends16bit-150, friends16bit-46, friends16bit-149, "
290,s3u3RECORDED_12,0,1,False,3.9102995844114696,"friends16bit-10, friends16bit-151, friends16bit-171, "
291,s3u3RECORDED_13,0,0,True,4.130565716349353,"New9MinuteSession2352, friends16bit-60, New9MinuteSession2351, "
292,s3u3RECORDED_14,0,1,False,4.166569744569973,"New9MinuteSession2332, friends16bit-10, friends16bit-159, "
293,s3u3RECORDED_15,0,1,False,4.36381749685142,"friends16bit-10, friends16bit-46, friends16bit-151, "
294,s3u3RECORDED_16,0,1,False,4.03707055327449,"friends16bit-56, New9MinuteSession2357, friends16bit-6, "
295,s3u3RECORDED_17,0,0,True,4.1880543059076265,"friends16bit-18, New9MinuteSession2338, New9MinuteSession2335, "
296,s3u3RECORDED_18,0,1,False,4.226619214587941,"friends16bit-85, friends16bit-10, friends16bit-12, "
297,s3u3RECORDED_19,0,1,False,4.418953322555854,"BelowDeckMEDRecordedFromBroadcast50, BelowDeckMEDRecordedFromBroadcast47, friends16bit-1, "
298,s3u3RECORDED_2,0,1,False,4.084084090288279,"BelowDeckMEDRecordedFromBroadcast47, ChicagoMedDramaRecordedFromBroadcast30, friends16bit-118, "
299,s3u3RECORDED_20,0,1,False,3.8716906050112856,"friends16bit-1, BelowDeckMEDRecordedFromBroadcast47, BelowDeckMEDRecordedFromBroadcast75, "
300,s3u3RECORDED_21,0,1,False,3.980694182601067,"friends16bit-178, friends16bit-60, New9MinuteSession2343, "
301,s3u3RECORDED_22,0,1,False,3.9255689490846417,"friends16bit-62, friends16bit-70, friends16bit-1, "
302,s3u3RECORDED_23,0,1,False,4.117567361081435,"AriMelberNewsRecordedFromBroadcast44, friends16bit-134, friends16bit-172, "
303,s3u3RECORDED_24,0,1,False,4.049403528473938,"friends16bit-111, ChicagoMedDramaRecordedFromBroadcast1, BelowDeckMEDRecordedFromBroadcast102, "
304,s3u3RECORDED_25,0,1,False,4.163130955078436,"friends16bit-18, friends16bit-41, BelowDeckMEDRecordedFromBroadcast101, "
305,s3u3RECORDED_26,0,1,False,3.76050415937468,"friends16bit-43, friends16bit-174, friends16bit-139, "
306,s3u3RECORDED_27,0,1,False,3.826045261433324,"friends16bit-78, friends16bit-65, friends16bit-102, "
307,s3u3RECORDED_28,0,1,False,3.7785559289722954,"friends16bit-62, AVvCHE_RECORDED_4, New9MinuteSession2357, "
308,s3u3RECORDED_29,0,1,False,4.138548939804217,"friends16bit-151, friends16bit-152, friends16bit-153, "
309,s3u3RECORDED_3,0,1,False,3.7174637825876613,"friends16bit-171, friends16bit-58, friends16bit-176, "
310,s3u3RECORDED_30,0,1,False,4.00126521997002,"friends16bit-6, AVvCHE_RECORDED_53, friends16bit-149, "
311,s3u3RECORDED_31,0,1,False,3.5976834880835122,"friends16bit-81, friends16bit-152, friends16bit-46, "
312,s3u3RECORDED_32,0,1,False,4.0817879977033975,"friends16bit-38, friends16bit-76, friends16bit-69, "
313,s3u3RECORDED_33,0,1,False,3.9391547592464056,"friends16bit-76, 11thHourNewsRecordedFromBroadcast33, friends16bit-172, "
314,s3u3RECORDED_34,0,1,False,3.9320500217246535,"friends16bit-157, friends16bit-38, friends16bit-138, "
315,s3u3RECORDED_35,0,1,False,3.663218067395108,"friends16bit-38, friends16bit-99, friends16bit-166, "
316,s3u3RECORDED_36,0,1,False,3.791007910019018,"friends16bit-171, friends16bit-12, friends16bit-59, "
317,s3u3RECORDED_37,0,1,False,3.701139897004496,"friends16bit-62, friends16bit-61, friends16bit-41, "
318,s3u3RECORDED_38,0,1,False,3.8815545277472885,"friends16bit-7, friends16bit-162, friends16bit-171, "
319,s3u3RECORDED_39,0,1,False,3.7612108673177596,"friends16bit-174, friends16bit-151, friends16bit-58, "
320,s3u3RECORDED_4,0,1,False,4.022042494268438,"friends16bit-56, friends16bit-62, New9MinuteSession2340, "
321,s3u3RECORDED_40,0,1,False,4.108679711890627,"friends16bit-10, friends16bit-118, New9MinuteSession2332, "
322,s3u3RECORDED_41,0,1,False,3.667833843920685,"friends16bit-178, friends16bit-154, friends16bit-57, "
323,s3u3RECORDED_42,0,1,False,3.457803039767759,"friends16bit-70, friends16bit-56, friends16bit-178, "
324,s3u3RECORDED_43,0,0,True,3.961197095973174,"New9MinuteSession2330, New9MinuteSession2335, New9MinuteSession2343, "
325,s3u3RECORDED_44,0,0,True,4.133833992438568,"New9MinuteSession2310, New9MinuteSession23102, JOERA-21, "
326,s3u3RECORDED_45,0,1,False,3.6909010356735767,"New9MinuteSession2343, friends16bit-171, friends16bit-56, "
327,s3u3RECORDED_46,0,1,False,3.674831583349994,"friends16bit-59, friends16bit-151, friends16bit-162, "
328,s3u3RECORDED_47,0,1,False,3.9809630279134525,"New9MinuteSession2343, friends16bit-174, friends16bit-151, "
329,s3u3RECORDED_48,0,1,False,4.174939427550134,"friends16bit-149, friends16bit-117, friends16bit-12, "
330,s3u3RECORDED_49,0,1,False,3.7449759153359796,"friends16bit-151, friends16bit-56, friends16bit-154, "
331,s3u3RECORDED_5,0,1,False,4.066367954625533,"friends16bit-153, friends16bit-43, friends16bit-151, "
332,s3u3RECORDED_50,0,1,False,3.715441758976595,"friends16bit-149, friends16bit-6, BelowDeckMEDRecordedFromBroadcast75, "
333,s3u3RECORDED_51,0,1,False,4.17242529554443,"friends16bit-149, New9MinuteSession2332, BelowDeckMEDRecordedFromBroadcast31, "
334,s3u3RECORDED_52,0,1,False,4.043868925885983,"friends16bit-43, friends16bit-46, friends16bit-157, "
335,s3u3RECORDED_53,0,1,False,3.6763504316295905,"friends16bit-152, friends16bit-154, friends16bit-151, "
336,s3u3RECORDED_54,0,1,False,4.430657993076795,"friends16bit-157, friends16bit-149, friends16bit-43, "
337,s3u3RECORDED_55,0,1,False,4.289007967140872,"friends16bit-59, friends16bit-46, friends16bit-118, "
338,s3u3RECORDED_56,0,1,False,4.204537887940804,"New9MinuteSession2343, ChicagoMedDramaRecordedFromBroadcast30, friends16bit-150, "
339,s3u3RECORDED_57,0,1,False,3.7075930957831202,"friends16bit-59, friends16bit-162, friends16bit-62, "
340,s3u3RECORDED_58,0,1,False,3.923704271125857,"friends16bit-48, friends16bit-30, friends16bit-10, "
341,s3u3RECORDED_59,0,1,False,3.7106835180092492,"BelowDeckMEDRecordedFromBroadcast47, friends16bit-174, friends16bit-151, "
342,s3u3RECORDED_6,0,1,False,4.3372064370958325,"friends16bit-150, friends16bit-15, friends16bit-78, "
343,s3u3RECORDED_60,0,1,False,3.8345967895404613,"friends16bit-174, friends16bit-46, friends16bit-157, "
344,s3u3RECORDED_61,0,0,True,3.6360340142381005,"New9MinuteSession2338, New9MinuteSession23105, New9MinuteSession2357, "
345,s3u3RECORDED_62,0,0,True,3.766027466577034,"New9MinuteSession239, New9MinuteSession2335, New9MinuteSession2331, "
346,s3u3RECORDED_63,0,0,True,4.152725130044515,"New9MinuteSession239, friends16bit-47, New9MinuteSession2335, "
347,s3u3RECORDED_64,0,1,False,4.2055213924797235,"friends16bit-150, friends16bit-153, friends16bit-156, "
348,s3u3RECORDED_65,0,0,True,4.102430481630469,"New9MinuteSession2352, New9MinuteSession2343, JOERA-34, "
349,s3u3RECORDED_66,0,0,True,3.973154022011293,"New9MinuteSession239, New9MinuteSession2330, New9MinuteSession2335, "
350,s3u3RECORDED_67,0,0,True,3.7897740758060037,"New9MinuteSession2330, New9MinuteSession23101, New9MinuteSession2310, "
351,s3u3RECORDED_68,0,1,False,3.867774208784351,"New9MinuteSession2352, friends16bit-60, JOERA-34, "
352,s3u3RECORDED_69,0,0,True,3.7649536060467446,"New9MinuteSession2357, New9MinuteSession2340, New9MinuteSession2312, "
353,s3u3RECORDED_7,0,1,False,4.038817476360865,"friends16bit-60, friends16bit-10, New9MinuteSession239, "
354,s3u3RECORDED_70,0,0,True,3.916765454801875,"New9MinuteSession2338, New9MinuteSession2343, New9MinuteSession2332, "
355,s3u3RECORDED_71,0,1,False,3.5138479658849553,"friends16bit-151, friends16bit-150, friends16bit-154, "
356,s3u3RECORDED_72,0,0,True,3.958203715811415,"New9MinuteSession2343, JOERA-102, New9MinuteSession2335, "
357,s3u3RECORDED_73,0,0,True,4.068266012313647,"New9MinuteSession2343, New9MinuteSession2327, New9MinuteSession2332, "
358,s3u3RECORDED_74,0,1,False,4.044766427279447,"friends16bit-150, New9MinuteSession2343, JOERA-34, "
359,s3u3RECORDED_75,0,1,False,3.4713486047865465,"friends16bit-157, friends16bit-178, AVvCHE_RECORDED_4, "
360,s3u3RECORDED_76,0,0,True,4.005966980888272,"New9MinuteSession2360, New9MinuteSession2349, friends16bit-9, "
361,s3u3RECORDED_77,0,0,True,3.440870993352125,"New9MinuteSession2388, New9MinuteSession2325, New9MinuteSession2357, "
362,s3u3RECORDED_78,0,1,False,3.825614388510753,"New9MinuteSession2343, friends16bit-151, friends16bit-59, "
363,s3u3RECORDED_79,0,0,True,3.841292305553487,"New9MinuteSession23101, New9MinuteSession23100, New9MinuteSession2327, "
364,s3u3RECORDED_8,0,0,True,3.8967762642574484,"New9MinuteSession2338, friends16bit-18, New9MinuteSession2332, "
365,s3u3RECORDED_80,0,1,False,3.5276174037802597,"New9MinuteSession2312, friends16bit-57, friends16bit-179, "
366,s3u3RECORDED_81,0,0,True,3.958155977040788,"New9MinuteSession2326, New9MinuteSession2357, New9MinuteSession2395, "
367,s3u3RECORDED_82,0,0,True,3.9446413100513165,"New9MinuteSession2391, New9MinuteSession2360, New9MinuteSession2330, "
368,s3u3RECORDED_83,0,1,False,3.7748862969869528,"New9MinuteSession2312, friends16bit-7, friends16bit-176, "
369,s3u3RECORDED_84,0,0,True,3.950528416881115,"New9MinuteSession2340, New9MinuteSession2389, New9MinuteSession2388, "
370,s3u3RECORDED_85,0,1,False,3.7663690379028223,"friends16bit-12, friends16bit-46, friends16bit-30, "
371,s3u3RECORDED_86,0,1,False,4.173577328706836,"friends16bit-47, New9MinuteSession2335, friends16bit-12, "
372,s3u3RECORDED_87,0,1,False,3.810515397063234,"friends16bit-27, friends16bit-176, friends16bit-61, "
373,s3u3RECORDED_88,0,1,False,3.92157206854916,"friends16bit-47, friends16bit-10, friends16bit-119, "
374,s3u3RECORDED_89,0,1,False,4.378332045887536,"BelowDeckMEDRecordedFromBroadcast31, BelowDeckMEDRecordedFromBroadcast47, ChicagoMedDramaRecordedFromBroadcast25, "
375,s3u3RECORDED_9,0,1,False,3.825998219825794,"friends16bit-150, friends16bit-151, friends16bit-60, "
376,s3u3RECORDED_90,0,1,False,3.919658107652759,"friends16bit-12, friends16bit-46, friends16bit-10, "
377,s3u3RECORDED_91,0,1,False,3.8252009968707825,"friends16bit-70, friends16bit-178, friends16bit-162, "
378,s3u3RECORDED_92,0,1,False,4.228227115252358,"friends16bit-46, friends16bit-6, friends16bit-30, "
379,s3u3RECORDED_93,0,1,False,3.7217238327547126,"friends16bit-46, friends16bit-151, friends16bit-43, "
380,s3u3RECORDED_94,0,1,False,3.957714138010955,"friends16bit-171, friends16bit-43, friends16bit-178, "
381,s3u3RECORDED_95,0,1,False,3.645868226348819,"friends16bit-5, friends16bit-133, friends16bit-70, "
382,s4u1-RECORDED0,0,1,False,4.124824356813085,"friends16bit-132, friends16bit-48, BelowDeckMEDRecordedFromBroadcast96, "
383,s4u1-RECORDED1,0,1,False,3.969341899387729,"friends16bit-102, friends16bit-105, friends16bit-139, "
384,s4u1-RECORDED10,0,0,True,4.282134586177923,"New9MinuteSession23101, New9MinuteSession2335, New9MinuteSession2338, "
385,s4u1-RECORDED11,0,1,False,4.2432141755215005,"New9MinuteSession2335, friends16bit-10, JOERA-72, "
386,s4u1-RECORDED12,0,1,False,3.8008689614437507,"friends16bit-102, friends16bit-163, friends16bit-96, "
387,s4u1-RECORDED13,0,1,False,4.15809161951926,"friends16bit-48, friends16bit-118, friends16bit-30, "
388,s4u1-RECORDED14,0,0,True,4.245952924344783,"New9MinuteSession2331, New9MinuteSession2365, friends16bit-60, "
389,s4u1-RECORDED15,0,1,False,4.040490614450251,"JOERA-96, friends16bit-170, friends16bit-59, "
390,s4u1-RECORDED16,0,0,True,3.7979175302694994,"JOERA-21, New9MinuteSession23102, New9MinuteSession2387, "
391,s4u1-RECORDED17,0,0,True,4.021800826081098,"JOERA-72, New9MinuteSession239, New9MinuteSession2310, "
392,s4u1-RECORDED18,0,0,True,4.015945620784623,"New9MinuteSession2335, New9MinuteSession2327, New9MinuteSession2331, "
393,s4u1-RECORDED19,0,0,True,4.15641112351437,"New9MinuteSession2321, New9MinuteSession2335, New9MinuteSession2327, "
394,s4u1-RECORDED2,0,1,False,4.290252248282933,"BelowDeckMEDRecordedFromBroadcast31, friends16bit-10, friends16bit-151, "
395,s4u1-RECORDED20,0,0,True,4.643721761192308,"New9MinuteSession2343, New9MinuteSession2347, New9MinuteSession2341, "
396,s4u1-RECORDED21,0,1,False,4.316753598816128,"BelowDeckMEDRecordedFromBroadcast31, friends16bit-46, ChicagoMedDramaRecordedFromBroadcast25, "
397,s4u1-RECORDED22,0,0,True,4.174652079094693,"New9MinuteSession2327, friends16bit-10, New9MinuteSession2336, "
398,s4u1-RECORDED23,0,1,False,3.8714733016583778,"friends16bit-171, friends16bit-70, friends16bit-133, "
399,s4u1-RECORDED24,0,1,False,4.064629836588453,"friends16bit-171, friends16bit-62, friends16bit-41, "
400,s4u1-RECORDED25,0,1,False,3.8719392733297555,"friends16bit-78, friends16bit-102, BelowDeckMEDRecordedFromBroadcast53, "
401,s4u1-RECORDED27,0,1,False,4.238365667109685,"friends16bit-150, friends16bit-118, BelowDeckMEDRecordedFromBroadcast47, "
402,s4u1-RECORDED28,0,1,False,3.9486080049774936,"friends16bit-171, friends16bit-118, friends16bit-151, "
403,s4u1-RECORDED29,0,0,True,4.032550726182918,"New9MinuteSession2335, friends16bit-159, New9MinuteSession2338, "
404,s4u1-RECORDED30,0,1,False,4.274876738754323,"friends16bit-10, friends16bit-61, friends16bit-59, "
405,s4u1-RECORDED31,0,1,False,4.0274822024745145,"friends16bit-30, friends16bit-12, friends16bit-1, "
406,s4u1-RECORDED32,0,1,False,3.721743759129822,"friends16bit-70, friends16bit-12, JOERA-114, "
407,s4u1-RECORDED33,0,1,False,3.6676809980441716,"friends16bit-178, friends16bit-176, friends16bit-70, "
408,s4u1-RECORDED34,0,1,False,4.021348989310415,"friends16bit-150, friends16bit-118, friends16bit-105, "
409,s4u1-RECORDED35,0,1,False,3.9242769040365313,"friends16bit-159, New9MinuteSession2335, friends16bit-47, "
410,s4u1-RECORDED36,0,1,False,4.194703713676912,"friends16bit-10, friends16bit-60, friends16bit-48, "
411,s4u1-RECORDED37,0,1,False,3.627806916079765,"friends16bit-70, JOERA-1, JOERA-117, "
412,s4u1-RECORDED38,0,1,False,4.114125980928769,"friends16bit-10, friends16bit-159, friends16bit-47, "
413,s4u1-RECORDED39,0,1,False,4.359867525616254,"friends16bit-10, friends16bit-47, friends16bit-30, "
414,s4u1-RECORDED40,0,1,False,4.148387605783336,"friends16bit-10, friends16bit-47, friends16bit-159, "
415,s4u1-RECORDED41,0,1,False,4.488015278105653,"friends16bit-150, BelowDeckMEDRecordedFromBroadcast53, friends16bit-153, "
416,s4u1-RECORDED42,0,1,False,4.193775581973432,"friends16bit-118, friends16bit-46, BelowDeckMEDRecordedFromBroadcast31, "
417,s4u1-RECORDED43,0,1,False,4.253358365309857,"friends16bit-150, BelowDeckMEDRecordedFromBroadcast96, friends16bit-78, "
418,s4u1-RECORDED44,0,0,True,4.417459523726775,"New9MinuteSession2332, friends16bit-10, New9MinuteSession2327, "
419,s4u1-RECORDED45,0,1,False,3.7158724332307425,"friends16bit-38, friends16bit-174, friends16bit-58, "
420,s4u1-RECORDED46,0,1,False,3.8491405610389573,"friends16bit-150, friends16bit-70, friends16bit-5, "
421,s4u1-RECORDED47,0,0,True,3.640372081060261,"New9MinuteSession2354, New9MinuteSession23100, New9MinuteSession2373, "
422,s4u1-RECORDED48,0,1,False,3.815230572539887,"friends16bit-10, friends16bit-60, friends16bit-70, "
423,s4u1-RECORDED49,0,1,False,3.5727701846656683,"friends16bit-5, friends16bit-150, friends16bit-133, "
424,s4u1-RECORDED5,0,1,False,4.24844677065292,"friends16bit-159, friends16bit-106, friends16bit-10, "
425,s4u1-RECORDED50,0,1,False,3.6673830100737193,"friends16bit-46, friends16bit-83, friends16bit-174, "
426,s4u1-RECORDED51,0,1,False,3.906202710780284,"friends16bit-150, friends16bit-68, friends16bit-118, "
427,s4u1-RECORDED52,0,1,False,3.9460373327583698,"friends16bit-10, friends16bit-41, friends16bit-162, "
428,s4u1-RECORDED53,0,1,False,3.606486630180172,"friends16bit-5, friends16bit-145, friends16bit-153, "
429,s4u1-RECORDED54,0,1,False,3.909332896777072,"BelowDeckMEDRecordedFromBroadcast31, friends16bit-46, friends16bit-6, "
430,s4u1-RECORDED55,0,1,False,4.236793429454164,"friends16bit-10, friends16bit-47, friends16bit-103, "
431,s4u1-RECORDED56,0,1,False,3.895121628808219,"friends16bit-10, friends16bit-108, friends16bit-60, "
432,s4u1-RECORDED57,0,1,False,3.469703960861772,"friends16bit-176, JOERA-5, friends16bit-27, "
433,s4u1-RECORDED58,0,1,False,3.6660323668714194,"friends16bit-41, friends16bit-171, friends16bit-27, "
434,s4u1-RECORDED59,0,1,False,4.122466164439665,"friends16bit-60, friends16bit-171, friends16bit-150, "
435,s4u1-RECORDED6,0,1,False,4.189651569708201,"friends16bit-10, friends16bit-159, friends16bit-47, "
436,s4u1-RECORDED7,0,1,False,4.09148828834726,"New9MinuteSession2343, friends16bit-151, friends16bit-48, "
437,s4u1-RECORDED8,0,1,False,4.057723218268567,"BelowDeckMEDRecordedFromBroadcast31, BelowDeckMEDRecordedFromBroadcast47, BelowDeckMEDRecordedFromBroadcast49, "
438,s4u1-RECORDED9,0,1,False,3.9824765693031945,"JOERA-72, JOERA-50, JOERA-96, "
439,s4u2-0,0,1,False,3.8635119195626086,"friends16bit-149, BelowDeckMEDRecordedFromBroadcast31, friends16bit-150, "
440,s4u2-1,0,1,False,4.5161401928243565,"BelowDeckMEDRecordedFromBroadcast31, friends16bit-81, BelowDeckMEDRecordedFromBroadcast51, "
441,s4u2-10,0,1,False,3.9915329797027823,"BelowDeckMEDRecordedFromBroadcast31, friends16bit-149, BelowDeckMEDRecordedFromBroadcast47, "
442,s4u2-100,0,1,False,3.6634382817096953,"friends16bit-151, friends16bit-139, friends16bit-154, "
443,s4u2-101,0,1,False,4.28062193454036,"friends16bit-10, New9MinuteSession2343, JOERA-34, "
444,s4u2-102,0,1,False,4.045702743508286,"friends16bit-10, friends16bit-30, friends16bit-151, "
445,s4u2-103,0,1,False,4.246543178679957,"friends16bit-10, friends16bit-1, friends16bit-70, "
446,s4u2-104,0,1,False,3.6480997291155854,"friends16bit-164, friends16bit-83, friends16bit-1, "
447,s4u2-105,0,1,False,4.25310502426284,"11thHourNewsRecordedFromBroadcast32, BelowDeckMEDRecordedFromBroadcast97, friends16bit-149, "
448,s4u2-106,0,1,False,3.765348019129631,"friends16bit-10, friends16bit-61, friends16bit-70, "
449,s4u2-107,0,1,False,4.20254143973111,"friends16bit-46, BelowDeckMEDRecordedFromBroadcast97, friends16bit-48, "
450,s4u2-108,0,1,False,3.9384035050971216,"friends16bit-156, friends16bit-154, AVvCHE_RECORDED_56, "
451,s4u2-109,0,1,False,3.4376594714833897,"friends16bit-157, friends16bit-83, friends16bit-38, "
452,s4u2-11,0,1,False,4.184887160387239,"BelowDeckMEDRecordedFromBroadcast31, friends16bit-149, ChicagoMedDramaRecordedFromBroadcast25, "
453,s4u2-110,0,1,False,3.9012147757788598,"friends16bit-46, friends16bit-36, friends16bit-156, "
454,s4u2-111,0,1,False,4.230961737652796,"friends16bit-10, friends16bit-28, friends16bit-12, "
455,s4u2-112,0,1,False,3.946309915122523,"JOERA-102, JOERA-96, friends16bit-10, "
456,s4u2-113,0,1,False,4.027694227106115,"friends16bit-47, friends16bit-10, friends16bit-30, "
457,s4u2-114,0,1,False,3.8522359663881858,"friends16bit-46, friends16bit-151, friends16bit-150, "
458,s4u2-115,0,1,False,4.231106021643268,"friends16bit-46, friends16bit-151, friends16bit-150, "
459,s4u2-116,0,1,False,3.539321941659836,"friends16bit-6, friends16bit-46, friends16bit-157, "
460,s4u2-117,0,1,False,4.329768264899921,"friends16bit-10, friends16bit-46, friends16bit-83, "
461,s4u2-118,0,1,False,3.9213743330316317,"friends16bit-12, friends16bit-10, friends16bit-30, "
462,s4u2-119,0,1,False,3.7204877151899676,"friends16bit-18, friends16bit-151, friends16bit-174, "
463,s4u2-120,0,1,False,3.4674958615105056,"friends16bit-151, friends16bit-133, New9MinuteSession2343, "
464,s4u2-121,0,1,False,3.639596935744544,"friends16bit-46, ChicagoMedDramaRecordedFromBroadcast33, friends16bit-83, "
465,s4u2-122,0,1,False,4.535752722391186,"BelowDeckMEDRecordedFromBroadcast96, BelowDeckMEDRecordedFromBroadcast36, BelowDeckMEDRecordedFromBroadcast5, "
466,s4u2-123,0,1,False,3.6167895209320142,"friends16bit-5, friends16bit-133, friends16bit-153, "
467,s4u2-124,0,1,False,4.134231621124265,"friends16bit-10, friends16bit-60, friends16bit-59, "
468,s4u2-125,0,1,False,3.8603019432137584,"BelowDeckMEDRecordedFromBroadcast97, friends16bit-171, ChicagoMedDramaRecordedFromBroadcast33, "
469,s4u2-126,0,1,False,3.9540180442683366,"friends16bit-105, friends16bit-61, friends16bit-10, "
470,s4u2-127,0,1,False,3.706281850187907,"friends16bit-102, friends16bit-172, friends16bit-76, "
471,s4u2-128,0,1,False,3.992197015155501,"friends16bit-65, friends16bit-78, friends16bit-102, "
472,s4u2-129,0,1,False,3.7093301533374614,"friends16bit-78, friends16bit-102, friends16bit-76, "
473,s4u2-13,0,1,False,3.9777309566017993,"friends16bit-149, BelowDeckMEDRecordedFromBroadcast31, friends16bit-151, "
474,s4u2-130,0,1,False,3.9860643425733238,"friends16bit-61, friends16bit-62, friends16bit-105, "
475,s4u2-131,0,1,False,3.4139906675085987,"friends16bit-76, friends16bit-102, friends16bit-78, "
476,s4u2-132,0,1,False,3.9489597766514244,"friends16bit-78, friends16bit-102, friends16bit-76, "
477,s4u2-133,0,1,False,4.436908932221139,"friends16bit-65, friends16bit-76, friends16bit-66, "
478,s4u2-134,0,1,False,4.462434163005389,"JRE1383Podcast0, friends16bit-78, friends16bit-66, "
479,s4u2-135,0,1,False,3.838012362131399,"friends16bit-102, friends16bit-78, friends16bit-96, "
480,s4u2-136,0,1,False,4.260903503020099,"friends16bit-120, friends16bit-65, BelowDeckMEDRecordedFromBroadcast45, "
481,s4u2-137,0,1,False,3.4842483944081297,"friends16bit-163, friends16bit-59, friends16bit-76, "
482,s4u2-138,0,1,False,4.458300183182218,"friends16bit-15, friends16bit-150, friends16bit-10, "
483,s4u2-139,0,1,False,4.276244588122676,"friends16bit-78, BelowDeckMEDRecordedFromBroadcast103, BelowDeckMEDRecordedFromBroadcast36, "
484,s4u2-14,0,1,False,3.8558259254951865,"friends16bit-151, friends16bit-150, New9MinuteSession2343, "
485,s4u2-140,0,1,False,3.9930557827890736,"friends16bit-120, friends16bit-102, friends16bit-105, "
486,s4u2-141,0,1,False,4.140323928135936,"friends16bit-120, friends16bit-124, AriMelberNewsRecordedFromBroadcast62, "
487,s4u2-142,0,1,False,3.8081329208922807,"BelowDeckMEDRecordedFromBroadcast97, ChicagoMedDramaRecordedFromBroadcast33, friends16bit-48, "
488,s4u2-143,0,1,False,4.080505327790637,"friends16bit-10, friends16bit-132, friends16bit-60, "
489,s4u2-144,0,1,False,4.23594299524549,"friends16bit-159, friends16bit-10, friends16bit-41, "
490,s4u2-145,0,1,False,3.604845275988876,"friends16bit-61, friends16bit-70, friends16bit-164, "
491,s4u2-146,0,1,False,3.8319909897652993,"friends16bit-78, friends16bit-15, friends16bit-102, "
492,s4u2-147,0,1,False,3.7473277337397897,"friends16bit-102, friends16bit-163, friends16bit-59, "
493,s4u2-148,0,1,False,3.787369196011926,"friends16bit-171, friends16bit-78, friends16bit-146, "
494,s4u2-149,0,1,False,4.0579153770890635,"friends16bit-10, friends16bit-119, friends16bit-61, "
495,s4u2-15,0,1,False,4.510271350938246,"friends16bit-150, BelowDeckMEDRecordedFromBroadcast31, ChicagoMedDramaRecordedFromBroadcast25, "
496,s4u2-150,0,1,False,3.8249466566813237,"friends16bit-156, friends16bit-69, friends16bit-5, "
497,s4u2-151,0,1,False,4.24271245126939,"friends16bit-15, friends16bit-48, friends16bit-128, "
498,s4u2-152,0,1,False,4.494663118087689,"BelowDeckMEDRecordedFromBroadcast53, BelowDeckMEDRecordedFromBroadcast40, BelowDeckMEDRecordedFromBroadcast43, "
499,s4u2-153,0,1,False,4.177159198260166,"friends16bit-164, AriMelberNewsRecordedFromBroadcast68, friends16bit-139, "
500,s4u2-154,0,1,False,3.3373852277823652,"friends16bit-171, friends16bit-151, friends16bit-58, "
501,s4u2-155,0,1,False,3.5268781942708443,"friends16bit-30, friends16bit-83, friends16bit-12, "
502,s4u2-156,0,1,False,4.234837578001096,"friends16bit-118, friends16bit-121, friends16bit-30, "
503,s4u2-157,0,1,False,4.28556639409253,"AriMelberNewsRecordedFromBroadcast68, friends16bit-124, friends16bit-126, "
504,s4u2-158,0,1,False,4.2919608112264775,"friends16bit-47, friends16bit-10, friends16bit-52, "
505,s4u2-159,0,1,False,3.364985366008163,"friends16bit-171, friends16bit-146, friends16bit-172, "
506,s4u2-16,0,1,False,3.8245830485094245,"friends16bit-150, friends16bit-153, friends16bit-156, "
507,s4u2-160,0,1,False,4.017006331667254,"friends16bit-102, friends16bit-120, AriMelberNewsRecordedFromBroadcast77, "
508,s4u2-161,0,1,False,3.7014540700037677,"friends16bit-37, friends16bit-48, friends16bit-128, "
509,s4u2-162,0,1,False,3.79246024693381,"friends16bit-48, friends16bit-102, friends16bit-120, "
510,s4u2-163,0,1,False,4.232045774988631,"11thHourNewsRecordedFromBroadcast35, BelowDeckMEDRecordedFromBroadcast97, Baseball25, "
511,s4u2-164,0,1,False,4.047481306719034,"friends16bit-10, friends16bit-47, friends16bit-60, "
512,s4u2-165,0,1,False,4.502038206527996,"Baseball26, Baseball27, BelowDeckMEDRecordedFromBroadcast51, "
513,s4u2-167,0,1,False,4.327857189273601,"BelowDeckMEDRecordedFromBroadcast53, ChicagoMedDramaRecordedFromBroadcast110, BelowDeckMEDRecordedFromBroadcast43, "
514,s4u2-168,0,1,False,4.272745263362629,"BelowDeckMEDRecordedFromBroadcast47, BelowDeckMEDRecordedFromBroadcast37, friends16bit-139, "
515,s4u2-17,0,1,False,4.255377124867805,"BelowDeckMEDRecordedFromBroadcast31, friends16bit-46, ChicagoMedDramaRecordedFromBroadcast25, "
516,s4u2-171,0,1,False,4.269377256020159,"friends16bit-124, AriMelberNewsRecordedFromBroadcast68, AriMelberNewsRecordedFromBroadcast62, "
517,s4u2-172,0,1,False,4.027750554586098,"friends16bit-147, friends16bit-150, friends16bit-10, "
518,s4u2-173,0,1,False,4.609211306640151,"BelowDeckMEDRecordedFromBroadcast45, BelowDeckMEDRecordedFromBroadcast33, friends16bit-120, "
519,s4u2-174,0,1,False,3.9701424485874273,"friends16bit-10, friends16bit-139, friends16bit-36, "
520,s4u2-175,0,1,False,4.341084334556018,"friends16bit-46, friends16bit-36, friends16bit-120, "
521,s4u2-176,0,1,False,4.3128220620055995,"BelowDeckMEDRecordedFromBroadcast45, friends16bit-120, BelowDeckMEDRecordedFromBroadcast46, "
522,s4u2-177,0,1,False,4.224678522264363,"friends16bit-10, friends16bit-119, friends16bit-47, "
523,s4u2-178,0,1,False,3.7472868260064325,"friends16bit-10, friends16bit-70, friends16bit-28, "
524,s4u2-179,0,1,False,3.960433714492476,"JOERA-34, friends16bit-56, JOERA-65, "
525,s4u2-19,0,1,False,4.470410286134884,"friends16bit-81, friends16bit-46, friends16bit-150, "
526,s4u2-2,0,1,False,4.351385516530984,"friends16bit-10, friends16bit-159, friends16bit-47, "
527,s4u2-20,0,1,False,4.337377024038578,"BelowDeckMEDRecordedFromBroadcast31, friends16bit-149, BelowDeckMEDRecordedFromBroadcast51, "
528,s4u2-21,0,1,False,4.003166476446947,"BelowDeckMEDRecordedFromBroadcast31, friends16bit-149, BelowDeckMEDRecordedFromBroadcast55, "
529,s4u2-23,0,1,False,4.195786834336869,"BelowDeckMEDRecordedFromBroadcast31, BelowDeckMEDRecordedFromBroadcast47, ChicagoMedDramaRecordedFromBroadcast25, "
530,s4u2-25,0,1,False,4.051794478607108,"friends16bit-150, friends16bit-46, friends16bit-149, "
531,s4u2-26,0,1,False,4.056442511358568,"BelowDeckMEDRecordedFromBroadcast31, friends16bit-149, friends16bit-150, "
532,s4u2-27,0,1,False,3.859164377929487,"friends16bit-149, friends16bit-81, friends16bit-157, "
533,s4u2-28,0,1,False,3.8566015449202498,"BelowDeckMEDRecordedFromBroadcast31, friends16bit-149, BelowDeckMEDRecordedFromBroadcast47, "
534,s4u2-29,0,1,False,4.263685338542951,"friends16bit-150, friends16bit-6, friends16bit-149, "
535,s4u2-3,0,1,False,3.588207858656849,"friends16bit-150, friends16bit-68, friends16bit-102, "
536,s4u2-30,0,1,False,4.103094973215961,"friends16bit-153, friends16bit-150, friends16bit-156, "
537,s4u2-31,0,1,False,3.7287227061808346,"friends16bit-157, friends16bit-149, friends16bit-1, "
538,s4u2-32,0,1,False,3.885575563769043,"friends16bit-151, New9MinuteSession2352, friends16bit-174, "
539,s4u2-33,0,1,False,4.140745575596304,"friends16bit-150, friends16bit-153, BelowDeckMEDRecordedFromBroadcast53, "
540,s4u2-34,0,1,False,4.507503419894233,"friends16bit-150, friends16bit-149, BelowDeckMEDRecordedFromBroadcast31, "
541,s4u2-35,0,1,False,4.742096071578684,"friends16bit-149, BelowDeckMEDRecordedFromBroadcast31, friends16bit-150, "
542,s4u2-36,0,1,False,4.2208873839015615,"friends16bit-81, friends16bit-46, friends16bit-6, "
543,s4u2-37,0,1,False,3.9930964234720436,"friends16bit-135, friends16bit-149, friends16bit-151, "
544,s4u2-38,0,1,False,3.892514119791852,"friends16bit-156, friends16bit-151, friends16bit-135, "
545,s4u2-39,0,1,False,4.024825374396792,"BelowDeckMEDRecordedFromBroadcast31, friends16bit-149, ChicagoMedDramaRecordedFromBroadcast25, "
546,s4u2-4,0,1,False,3.8783578939625403,"BelowDeckMEDRecordedFromBroadcast47, BelowDeckMEDRecordedFromBroadcast31, friends16bit-149, "
547,s4u2-40,0,1,False,4.144849569102618,"BelowDeckMEDRecordedFromBroadcast31, BelowDeckMEDRecordedFromBroadcast47, friends16bit-150, "
548,s4u2-41,0,1,False,4.04162793859767,"friends16bit-150, friends16bit-151, friends16bit-153, "
549,s4u2-42,0,0,True,3.9808831941001883,"New9MinuteSession2369, New9MinuteSession2343, New9MinuteSession2357, "
550,s4u2-43,0,1,False,3.8728667988121375,"friends16bit-151, friends16bit-174, friends16bit-176, "
551,s4u2-44,0,1,False,3.6998908767119167,"friends16bit-151, friends16bit-154, JOERA-67, "
552,s4u2-45,0,1,False,3.4436322356536953,"friends16bit-157, friends16bit-154, friends16bit-149, "
553,s4u2-46,0,1,False,3.908651292945536,"friends16bit-153, friends16bit-156, New9MinuteSession2343, "
554,s4u2-47,0,1,False,4.015244694627578,"New9MinuteSession2332, friends16bit-1, friends16bit-18, "
555,s4u2-48,0,1,False,3.9323754129542348,"friends16bit-151, friends16bit-174, friends16bit-91, "
556,s4u2-49,0,1,False,3.560160032587082,"friends16bit-151, friends16bit-152, friends16bit-153, "
557,s4u2-5,0,1,False,3.9468666375280512,"friends16bit-1, New9MinuteSession2332, friends16bit-10, "
558,s4u2-50,0,1,False,3.6957315928229084,"JOERA-11, JOERA-28, friends16bit-154, "
559,s4u2-51,0,0,True,4.05842595520603,"New9MinuteSession239, New9MinuteSession2331, New9MinuteSession2330, "
560,s4u2-52,0,1,False,4.00825075363816,"friends16bit-70, friends16bit-154, friends16bit-5, "
561,s4u2-53,0,1,False,3.486581770990137,"friends16bit-151, friends16bit-154, friends16bit-5, "
562,s4u2-54,0,1,False,4.054872207939706,"New9MinuteSession2332, friends16bit-10, friends16bit-28, "
563,s4u2-55,0,1,False,3.931508864175876,"JOERA-90, friends16bit-154, friends16bit-1, "
564,s4u2-56,0,1,False,4.079419368533496,"friends16bit-60, friends16bit-10, JOERA-72, "
565,s4u2-57,0,1,False,4.366848222622179,"friends16bit-10, friends16bit-52, New9MinuteSession2331, "
566,s4u2-58,0,0,True,3.913919789211104,"JOERA-84, New9MinuteSession23101, New9MinuteSession2338, "
567,s4u2-59,0,0,True,4.033385125679056,"New9MinuteSession239, New9MinuteSession2310, New9MinuteSession2335, "
568,s4u2-6,0,1,False,4.029677118142539,"friends16bit-171, friends16bit-151, JOERA-34, "
569,s4u2-60,0,1,False,4.156290464578271,"New9MinuteSession239, JOERA-25, friends16bit-10, "
570,s4u2-61,0,1,False,3.886115490060405,"JOERA-72, JOERA-84, JOERA-34, "
571,s4u2-62,0,0,True,3.738964257471561,"New9MinuteSession2338, New9MinuteSession2335, New9MinuteSession2331, "
572,s4u2-63,0,1,False,4.126015883778813,"friends16bit-10, JOERA-102, JOERA-34, "
573,s4u2-64,0,1,False,3.9552349703648138,"friends16bit-151, friends16bit-12, JOERA-34, "
574,s4u2-65,0,1,False,3.5881830633913565,"friends16bit-157, friends16bit-154, friends16bit-155, "
575,s4u2-66,0,1,False,3.780097584035504,"friends16bit-150, friends16bit-153, friends16bit-151, "
576,s4u2-67,0,1,False,4.078430783061837,"friends16bit-150, JOERA-68, friends16bit-151, "
577,s4u2-68,0,0,True,4.0930008226747,"New9MinuteSession2332, JOERA-34, New9MinuteSession2343, "
578,s4u2-69,0,1,False,3.98915749734623,"friends16bit-149, BelowDeckMEDRecordedFromBroadcast31, friends16bit-12, "
579,s4u2-7,0,1,False,3.5161592620087374,"friends16bit-5, friends16bit-27, friends16bit-133, "
580,s4u2-70,0,1,False,3.912445220851411,"friends16bit-150, friends16bit-153, friends16bit-151, "
581,s4u2-71,0,1,False,3.99440134649442,"BelowDeckMEDRecordedFromBroadcast31, ChicagoMedDramaRecordedFromBroadcast25, friends16bit-30, "
582,s4u2-72,0,1,False,4.348884647977608,"friends16bit-150, friends16bit-153, friends16bit-46, "
583,s4u2-73,0,1,False,4.528411730905325,"New9MinuteSession2352, friends16bit-10, friends16bit-150, "
584,s4u2-74,0,1,False,4.76015891027542,"friends16bit-150, friends16bit-10, New9MinuteSession2352, "
585,s4u2-75,0,1,False,4.19970178047261,"friends16bit-149, friends16bit-46, friends16bit-143, "
586,s4u2-76,0,1,False,4.174371979927998,"friends16bit-150, friends16bit-153, friends16bit-156, "
587,s4u2-77,0,1,False,3.64111771898114,"friends16bit-149, friends16bit-1, friends16bit-12, "
588,s4u2-78,0,1,False,4.426175594388739,"friends16bit-46, friends16bit-10, friends16bit-150, "
589,s4u2-79,0,0,True,4.154958755099787,"New9MinuteSession2335, friends16bit-12, New9MinuteSession2343, "
590,s4u2-8,0,1,False,3.417301175407144,"friends16bit-171, friends16bit-27, friends16bit-176, "
591,s4u2-80,0,1,False,3.6899173975530903,"friends16bit-139, friends16bit-151, friends16bit-133, "
592,s4u2-81,0,1,False,3.2241001584940348,"friends16bit-153, friends16bit-152, friends16bit-145, "
593,s4u2-82,0,1,False,3.5278315287947124,"friends16bit-5, friends16bit-133, friends16bit-171, "
594,s4u2-83,0,1,False,4.162319663677029,"friends16bit-10, New9MinuteSession2343, friends16bit-150, "
595,s4u2-84,0,1,False,3.690842252165017,"friends16bit-43, AVvCHE_RECORDED_21, friends16bit-46, "
596,s4u2-85,0,1,False,3.976913405908861,"friends16bit-5, friends16bit-70, friends16bit-150, "
597,s4u2-86,0,1,False,3.7226605306113942,"friends16bit-15, friends16bit-5, friends16bit-146, "
598,s4u2-87,0,1,False,3.5470674672227553,"friends16bit-139, friends16bit-30, friends16bit-174, "
599,s4u2-88,0,1,False,4.08204839713559,"friends16bit-39, friends16bit-46, friends16bit-156, "
600,s4u2-89,0,1,False,4.19583611478822,"BelowDeckMEDRecordedFromBroadcast36, BelowDeckMEDRecordedFromBroadcast103, BelowDeckMEDRecordedFromBroadcast34, "
601,s4u2-9,0,1,False,4.220397370285723,"friends16bit-150, JOERA-72, friends16bit-10, "
602,s4u2-90,0,1,False,4.399502956913319,"AriMelberNewsRecordedFromBroadcast68, friends16bit-119, friends16bit-47, "
603,s4u2-91,0,1,False,3.8602473908934485,"friends16bit-46, 11thHourNewsRecordedFromBroadcast32, ChicagoMedDramaRecordedFromBroadcast33, "
604,s4u2-92,0,1,False,4.5367883570319725,"friends16bit-148, friends16bit-10, friends16bit-119, "
605,s4u2-93,0,1,False,3.7617655607003506,"friends16bit-10, friends16bit-32, friends16bit-47, "
606,s4u2-94,0,1,False,4.227896072364308,"friends16bit-10, friends16bit-48, friends16bit-132, "
607,s4u2-95,0,1,False,3.786627183645376,"friends16bit-70, friends16bit-164, friends16bit-61, "
608,s4u2-96,0,1,False,4.246959925493181,"AriMelberNewsRecordedFromBroadcast77, friends16bit-120, 11thHourNewsRecordedFromBroadcast32, "
609,s4u2-97,0,1,False,4.66775560336476,"AriMelberNewsRecordedFromBroadcast77, Baseball26, ChicagoMedDramaRecordedFromBroadcast43, "
610,s4u2-98,0,1,False,4.2335560155715815,"friends16bit-15, friends16bit-48, ChicagoMedDramaRecordedFromBroadcast103, "
611,s4u2-99,0,1,False,3.9559465483695018,"friends16bit-121, friends16bit-49, friends16bit-37, "
